{
    "loss": 1.015741348266602,
    "accuracy": 0.9258620977401733
}